id,snp,chr,position,pvalue,maf,phenotype,reference,alteration
BN07an_a02_11866552,A02:11866552,A02,11866552,1.01E-06,2.142135804,BN07an,G,C
BN07an_a01_11866551,A01:11866552,A01,11866552,1.01E-06,2.142135804,BN07an,G,C
BN07an_a01_00000000,A01:11866552,A01,11866552,1.01E-06,2.142135804,BN07an,G,C
BN07an_a01_00000001,A01:11866552,A01,11866552,1.01E-06,2.142135804,BN07an,G,C
BN07an_a01_00000002,A01:11866552,A01,11866552,1.01E-06,2.142135804,BN07an,G,C
BN07an_a01_00000003,A01:11866552,A01,11866552,1.01E-06,2.142135804,BN07an,G,C
BN07an_a01_00000004,A01:11866552,A01,11866552,1.01E-06,2.142135804,BN07an,G,C
BN07an_a01_00000005,A01:11866552,A01,11866552,1.01E-06,2.142135804,BN07an,G,C
BN07an_a01_00000006,A01:11866552,A01,11866552,1.01E-06,2.142135804,BN07an,G,C
BN07an_a01_00000007,A01:11866552,A01,11866552,1.01E-06,2.142135804,BN07an,G,C
