id,smp,num,snp,distance,pvalue,slope,me_type
A01:12612A01:493934,A01:12612,555,A01:493934,481321,6.81E-07,-0.207334,cg
A01:57316A01:727966,A01:57316,570,A01:727966,670649,1.27E-06,0.295929,cg
A01:61762A01:729991,A01:61762,578,A01:729991,668228,2.18E-07,0.306882,cg
A01:61763A01:729991,A01:61763,578,A01:729991,668227,9.59E-07,0.276029,cg
A01:74674A01:714965,A01:74674,592,A01:714965,640290,1.25E-06,0.0360683,cg
A01:106066A01:729991,A01:106066,615,A01:729991,623924,1.22E-06,0.301649,cg
A01:106343A01:729991,A01:106343,615,A01:729991,623647,1.29E-06,-0.285909,cg
A01:116565A01:493926,A01:116565,617,A01:493926,377360,1.12E-06,0.208691,cg
A01:116661A01:729991,A01:116661,617,A01:729991,613329,1.48E-06,0.289716,cg
A01:143441A01:730056,A01:143441,619,A01:730056,586614,1.31E-06,-0.306098,cg
A01:164322A01:493934,A01:164322,620,A01:493934,329611,4.40E-07,-0.192745,cg
